{
    "image": "1.png",
    "detections": {
        "matricule": [
            {
                "x": 115.5,
                "y": 116.0,
                "width": 63.0,
                "height": 22.0,
                "class_id": 0
            }
        ],
        "car": [
            {
                "class_id": 7,
                "x_center": 0.5047698616981506,
                "y_center": 0.5439419150352478,
                "width": 0.7682422995567322,
                "height": 0.6642027497291565
            }
        ]
    }
}