{
    "image": "10.png",
    "detections": {
        "matricule": [
            {
                "value":"229 5180",
                "x": 469.0,
                "y": 278.5,
                "width": 122.0,
                "height": 45.0,
                "class_id": 0
            }
        ],
        "car": [
            {
                "class_id": 2,
                "x_center": 0.515478789806366,
                "y_center": 0.5091108679771423,
                "width": 0.9647542834281921,
                "height": 0.8886845707893372
            },
            {
                "class_id": 7,
                "x_center": 0.5097902417182922,
                "y_center": 0.5132362246513367,
                "width": 0.9486060738563538,
                "height": 0.8864274024963379
            }
        ]
    }
}