{
    "image": "100.png",
    "detections": {
        "matricule": [
            {
                "x": 288.0,
                "y": 162.5,
                "width": 88.0,
                "height": 29.0,
                "class_id": 0
            }
        ],
        "car": [
            {
                "class_id": 2,
                "x_center": 0.47143441438674927,
                "y_center": 0.48753777146339417,
                "width": 0.9218116998672485,
                "height": 0.9119691252708435
            },
            {
                "class_id": 2,
                "x_center": 0.10055283457040787,
                "y_center": 0.3732384145259857,
                "width": 0.18867869675159454,
                "height": 0.5376090407371521
            }
        ]
    }
}