{
    "image": "101.png",
    "detections": {
        "matricule": [
            {
                "x": 355.0,
                "y": 229.0,
                "width": 98.0,
                "height": 38.0,
                "class_id": 0
            }
        ],
        "car": [
            {
                "class_id": 2,
                "x_center": 0.4657232165336609,
                "y_center": 0.5289083123207092,
                "width": 0.899773359298706,
                "height": 0.911121666431427
            },
            {
                "class_id": 7,
                "x_center": 0.47051572799682617,
                "y_center": 0.5279197692871094,
                "width": 0.9160062670707703,
                "height": 0.9012560248374939
            },
            {
                "class_id": 2,
                "x_center": 0.900914192199707,
                "y_center": 0.7405296564102173,
                "width": 0.19761104881763458,
                "height": 0.41791218519210815
            }
        ]
    }
}