{
    "image": "102.png",
    "detections": {
        "matricule": [],
        "car": [
            {
                "class_id": 7,
                "x_center": 0.4760844111442566,
                "y_center": 0.5276142954826355,
                "width": 0.8963335156440735,
                "height": 0.825515627861023
            },
            {
                "class_id": 7,
                "x_center": 0.07445472478866577,
                "y_center": 0.4627428650856018,
                "width": 0.14890944957733154,
                "height": 0.39681780338287354
            },
            {
                "class_id": 2,
                "x_center": 0.07404980063438416,
                "y_center": 0.464634507894516,
                "width": 0.14785562455654144,
                "height": 0.39982232451438904
            },
            {
                "class_id": 56,
                "x_center": 0.9274038076400757,
                "y_center": 0.5329911112785339,
                "width": 0.06977998465299606,
                "height": 0.23491716384887695
            }
        ]
    }
}