{
    "image": "103.png",
    "detections": {
        "matricule": [
            {
                "value": "213 198",
                "x": 241.5,
                "y": 166.5,
                "width": 73.0,
                "height": 21.0,
                "class_id": 0
            }
        ],
        "car": [
            {
                "class_id": 5,
                "x_center": 0.472475528717041,
                "y_center": 0.5129552483558655,
                "width": 0.8555570244789124,
                "height": 0.8521979451179504
            }
        ]
    }
}