{
    "image": "104.png",
    "detections": {
        "matricule": [
            {
                "x": 285.5,
                "y": 156.5,
                "width": 73.0,
                "height": 21.0,
                "class_id": 0
            }
        ],
        "car": [
            {
                "class_id": 2,
                "x_center": 0.4991200268268585,
                "y_center": 0.49829334020614624,
                "width": 0.9666269421577454,
                "height": 0.8468500971794128
            },
            {
                "class_id": 56,
                "x_center": 0.052935026586055756,
                "y_center": 0.3917377293109894,
                "width": 0.06739833950996399,
                "height": 0.1691601276397705
            },
            {
                "class_id": 0,
                "x_center": 0.1243765726685524,
                "y_center": 0.2754424512386322,
                "width": 0.046630311757326126,
                "height": 0.06727731227874756
            },
            {
                "class_id": 0,
                "x_center": 0.10995634645223618,
                "y_center": 0.3077946901321411,
                "width": 0.07582676410675049,
                "height": 0.13279187679290771
            }
        ]
    }
}