{
    "image": "105.png",
    "detections": {
        "matricule": [
            {
                "x": 228.0,
                "y": 109.0,
                "width": 64.0,
                "height": 18.0,
                "class_id": 0
            }
        ],
        "car": [
            {
                "class_id": 0,
                "x_center": 0.04415392503142357,
                "y_center": 0.33945924043655396,
                "width": 0.08830785006284714,
                "height": 0.4477420747280121
            },
            {
                "class_id": 2,
                "x_center": 0.5106253623962402,
                "y_center": 0.4490852653980255,
                "width": 0.8589875102043152,
                "height": 0.6983163356781006
            }
        ]
    }
}