{
    "image": "106.png",
    "detections": {
        "matricule": [
            {
                "x": 44.0,
                "y": 76.5,
                "width": 36.0,
                "height": 13.0,
                "class_id": 0
            }
        ],
        "car": [
            {
                "class_id": 2,
                "x_center": 0.4628472924232483,
                "y_center": 0.4351498782634735,
                "width": 0.890099287033081,
                "height": 0.6743501424789429
            }
        ]
    }
}