{
    "image": "107.png",
    "detections": {
        "matricule": [],
        "car": [
            {
                "class_id": 0,
                "x_center": 0.17991136014461517,
                "y_center": 0.4595685601234436,
                "width": 0.35982272028923035,
                "height": 0.6463664174079895
            },
            {
                "class_id": 1,
                "x_center": 0.2300652414560318,
                "y_center": 0.5782750248908997,
                "width": 0.4567212760448456,
                "height": 0.41276606917381287
            },
            {
                "class_id": 7,
                "x_center": 0.5586944818496704,
                "y_center": 0.44635024666786194,
                "width": 0.7139434218406677,
                "height": 0.5976036787033081
            },
            {
                "class_id": 1,
                "x_center": 0.30576759576797485,
                "y_center": 0.5812555551528931,
                "width": 0.3045831024646759,
                "height": 0.4017278254032135
            }
        ]
    }
}