{
    "image": "108.png",
    "detections": {
        "matricule": [
            {
                "x": 308.0,
                "y": 118.0,
                "width": 74.0,
                "height": 28.0,
                "class_id": 0
            }
        ],
        "car": [
            {
                "class_id": 2,
                "x_center": 0.500006377696991,
                "y_center": 0.49769631028175354,
                "width": 0.9606461524963379,
                "height": 0.810767650604248
            },
            {
                "class_id": 7,
                "x_center": 0.4958084225654602,
                "y_center": 0.4968404769897461,
                "width": 0.9478683471679688,
                "height": 0.7943652272224426
            }
        ]
    }
}