{
    "image": "109.png",
    "detections": {
        "matricule": [
            {
                "x": 286.5,
                "y": 163.0,
                "width": 77.0,
                "height": 30.0,
                "class_id": 0
            }
        ],
        "car": [
            {
                "class_id": 2,
                "x_center": 0.5134267210960388,
                "y_center": 0.5236167311668396,
                "width": 0.9503065347671509,
                "height": 0.8182724118232727
            },
            {
                "class_id": 2,
                "x_center": 0.9550259113311768,
                "y_center": 0.6138978004455566,
                "width": 0.08945754170417786,
                "height": 0.7307063937187195
            },
            {
                "class_id": 0,
                "x_center": 0.07710596174001694,
                "y_center": 0.3795526325702667,
                "width": 0.046608734875917435,
                "height": 0.15009085834026337
            }
        ]
    }
}