{
    "image": "11.png",
    "detections": {
        "matricule": [
            {
                "x": 321.5,
                "y": 216.0,
                "width": 91.0,
                "height": 32.0,
                "class_id": 0
            }
        ],
        "car": [
            {
                "class_id": 2,
                "x_center": 0.5028955340385437,
                "y_center": 0.46191754937171936,
                "width": 0.9556465148925781,
                "height": 0.8451082110404968
            },
            {
                "class_id": 0,
                "x_center": 0.08853612095117569,
                "y_center": 0.30733898282051086,
                "width": 0.17271345853805542,
                "height": 0.6146779656410217
            },
            {
                "class_id": 0,
                "x_center": 0.6383360028266907,
                "y_center": 0.0753471851348877,
                "width": 0.06792754679918289,
                "height": 0.13844403624534607
            }
        ]
    }
}