{
    "image": "110.png",
    "detections": {
        "matricule": [
            {
                "value": "224 8446",
                "x": 184.5,
                "y": 94.0,
                "width": 63.0,
                "height": 18.0,
                "class_id": 0
            }
        ],
        "car": [
            {
                "class_id": 2,
                "x_center": 0.5086299180984497,
                "y_center": 0.48295411467552185,
                "width": 0.8502260446548462,
                "height": 0.7435415387153625
            },
            {
                "class_id": 7,
                "x_center": 0.5076844096183777,
                "y_center": 0.4852835237979889,
                "width": 0.8550874590873718,
                "height": 0.7457415461540222
            }
        ]
    }
}