{
    "image": "111.png",
    "detections": {
        "matricule": [
            {
                "x": 187.0,
                "y": 141.5,
                "width": 48.0,
                "height": 13.0,
                "class_id": 0
            }
        ],
        "car": [
            {
                "class_id": 2,
                "x_center": 0.4698866903781891,
                "y_center": 0.57942134141922,
                "width": 0.8605247735977173,
                "height": 0.7866443991661072
            }
        ]
    }
}