{
    "image": "112.png",
    "detections": {
        "matricule": [
            {
                "x": 165.5,
                "y": 139.0,
                "width": 53.0,
                "height": 16.0,
                "class_id": 0
            }
        ],
        "car": [
            {
                "class_id": 2,
                "x_center": 0.501061201095581,
                "y_center": 0.5485292077064514,
                "width": 0.896472692489624,
                "height": 0.6967183947563171
            }
        ]
    }
}