{
    "image": "113.png",
    "detections": {
        "matricule": [
            {
                "value": "141567",
                "x": 194.0,
                "y": 133.0,
                "width": 54.0,
                "height": 16.0,
                "class_id": 1
            }
        ],
        "car": [
            {
                "class_id": 2,
                "x_center": 0.4657650887966156,
                "y_center": 0.5951896905899048,
                "width": 0.8598199486732483,
                "height": 0.7409701347351074
            }
        ]
    }
}