{
    "image": "114.png",
    "detections": {
        "matricule": [
            {
                "x": 235.0,
                "y": 156.0,
                "width": 50.0,
                "height": 14.0,
                "class_id": 0
            }
        ],
        "car": [
            {
                "class_id": 2,
                "x_center": 0.4891676902770996,
                "y_center": 0.5605435967445374,
                "width": 0.8760556578636169,
                "height": 0.7205405831336975
            }
        ]
    }
}