{
    "image": "115.png",
    "detections": {
        "matricule": [],
        "car": [
            {
                "class_id": 7,
                "x_center": 0.5156973004341125,
                "y_center": 0.5079977512359619,
                "width": 0.8596504926681519,
                "height": 0.8436198830604553
            },
            {
                "class_id": 2,
                "x_center": 0.05145229399204254,
                "y_center": 0.498778373003006,
                "width": 0.10259582102298737,
                "height": 0.25925716757774353
            },
            {
                "class_id": 7,
                "x_center": 0.05206200107932091,
                "y_center": 0.4218462109565735,
                "width": 0.10412400215864182,
                "height": 0.4187319278717041
            }
        ]
    }
}