{
    "image": "116.png",
    "detections": {
        "matricule": [
            {
                "x": 200.0,
                "y": 103.0,
                "width": 48.0,
                "height": 22.0,
                "class_id": 0
            }
        ],
        "car": [
            {
                "class_id": 2,
                "x_center": 0.49407249689102173,
                "y_center": 0.4707258939743042,
                "width": 0.8087860345840454,
                "height": 0.7688701152801514
            }
        ]
    }
}