{
    "image": "117.png",
    "detections": {
        "matricule": [
            {
                "value": "219 4774",
                "x": 212.0,
                "y": 91.0,
                "width": 50.0,
                "height": 14.0,
                "class_id": 0
            }
        ],
        "car": [
            {
                "class_id": 2,
                "x_center": 0.4837757647037506,
                "y_center": 0.48053738474845886,
                "width": 0.8812294006347656,
                "height": 0.7426893711090088
            },
            {
                "class_id": 7,
                "x_center": 0.48767396807670593,
                "y_center": 0.4816056787967682,
                "width": 0.8848942518234253,
                "height": 0.7596045136451721
            }
        ]
    }
}