{
    "image": "118.png",
    "detections": {
        "matricule": [
            {
                "x": 139.0,
                "y": 139.0,
                "width": 64.0,
                "height": 14.0,
                "class_id": 0
            }
        ],
        "car": [
            {
                "class_id": 2,
                "x_center": 0.06008095666766167,
                "y_center": 0.35544198751449585,
                "width": 0.12016191333532333,
                "height": 0.4557137191295624
            },
            {
                "class_id": 7,
                "x_center": 0.4632413387298584,
                "y_center": 0.4577437937259674,
                "width": 0.783698320388794,
                "height": 0.7630605697631836
            },
            {
                "class_id": 2,
                "x_center": 0.0587390772998333,
                "y_center": 0.2654808461666107,
                "width": 0.117178775370121,
                "height": 0.2719811499118805
            }
        ]
    }
}