{
    "image": "119.png",
    "detections": {
        "matricule": [
            {
                "value": "219 6884",
                "x": 337.0,
                "y": 154.5,
                "width": 32.0,
                "height": 11.0,
                "class_id": 0
            }
        ],
        "car": [
            {
                "class_id": 2,
                "x_center": 0.038706209510564804,
                "y_center": 0.42645224928855896,
                "width": 0.07726039737462997,
                "height": 0.30081769824028015
            },
            {
                "class_id": 7,
                "x_center": 0.5045851469039917,
                "y_center": 0.49949026107788086,
                "width": 0.9402951598167419,
                "height": 0.7962567210197449
            }
        ]
    }
}