{
    "image": "12.png",
    "detections": {
        "matricule": [
            {
                "value":"192 2144",
                "x": 360.0,
                "y": 215.0,
                "width": 102.0,
                "height": 36.0,
                "class_id": 0
            }
        ],
        "car": [
            {
                "class_id": 2,
                "x_center": 0.492036908864975,
                "y_center": 0.47052836418151855,
                "width": 0.9346334934234619,
                "height": 0.8467333912849426
            }
        ]
    }
}