{
    "image": "120.png",
    "detections": {
        "matricule": [
            {
                "value": "127 9549",
                "x": 224.0,
                "y": 97.5,
                "width": 64.0,
                "height": 17.0,
                "class_id": 0
            }
        ],
        "car": [
            {
                "class_id": 2,
                "x_center": 0.5107200145721436,
                "y_center": 0.4659999907016754,
                "width": 0.924018144607544,
                "height": 0.7861848473548889
            }
        ]
    }
}