{
    "image": "121.png",
    "detections": {
        "matricule": [
            {
                "x": 253.5,
                "y": 156.5,
                "width": 39.0,
                "height": 15.0,
                "class_id": 0
            }
        ],
        "car": [
            {
                "class_id": 7,
                "x_center": 0.4861890375614166,
                "y_center": 0.45005103945732117,
                "width": 0.9620822072029114,
                "height": 0.8057324886322021
            }
        ]
    }
}