{
    "image": "122.png",
    "detections": {
        "matricule": [
            {
                "x": 211.0,
                "y": 239.5,
                "width": 46.0,
                "height": 11.0,
                "class_id": 0
            }
        ],
        "car": [
            {
                "class_id": 7,
                "x_center": 0.4686293303966522,
                "y_center": 0.47837597131729126,
                "width": 0.8910358548164368,
                "height": 0.8771233558654785
            },
            {
                "class_id": 7,
                "x_center": 0.9403095245361328,
                "y_center": 0.8184584379196167,
                "width": 0.11811502277851105,
                "height": 0.35471200942993164
            }
        ]
    }
}