{
    "image": "123.png",
    "detections": {
        "matricule": [
            {
                "value": "212116",
                "x": 154.0,
                "y": 176.0,
                "width": 44.0,
                "height": 14.0,
                "class_id": 1
            }
        ],
        "car": [
            {
                "class_id": 7,
                "x_center": 0.5074653625488281,
                "y_center": 0.5052822232246399,
                "width": 0.9523262977600098,
                "height": 0.8129288554191589
            }
        ]
    }
}