{
    "image": "124.png",
    "detections": {
        "matricule": [
            {
                "x": 219.5,
                "y": 118.0,
                "width": 49.0,
                "height": 14.0,
                "class_id": 0
            }
        ],
        "car": [
            {
                "class_id": 2,
                "x_center": 0.4488701820373535,
                "y_center": 0.4271506071090698,
                "width": 0.8977063894271851,
                "height": 0.7998591661453247
            }
        ]
    }
}