{
    "image": "125.png",
    "detections": {
        "matricule": [
            {
                "value": "217 976",
                "x": 197.5,
                "y": 132.5,
                "width": 49.0,
                "height": 13.0,
                "class_id": 0
            }
        ],
        "car": [
            {
                "class_id": 7,
                "x_center": 0.473177433013916,
                "y_center": 0.4575810432434082,
                "width": 0.8643994927406311,
                "height": 0.7872618436813354
            }
        ]
    }
}