{
    "image": "126.png",
    "detections": {
        "matricule": [],
        "car": [
            {
                "class_id": 7,
                "x_center": 0.553640604019165,
                "y_center": 0.4821847081184387,
                "width": 0.8125613331794739,
                "height": 0.7653719782829285
            }
        ]
    }
}