{
    "image": "127.png",
    "detections": {
        "matricule": [
            {
                "value": "194 825",
                "x": 226.5,
                "y": 126.0,
                "width": 45.0,
                "height": 18.0,
                "class_id": 0
            }
        ],
        "car": [
            {
                "class_id": 2,
                "x_center": 0.4675077497959137,
                "y_center": 0.4820893108844757,
                "width": 0.8726118803024292,
                "height": 0.7556281685829163
            },
            {
                "class_id": 1,
                "x_center": 0.02970920130610466,
                "y_center": 0.18600887060165405,
                "width": 0.05930130556225777,
                "height": 0.24432340264320374
            }
        ]
    }
}