{
    "image": "128.png",
    "detections": {
        "matricule": [
            {
                "x": 244.5,
                "y": 124.0,
                "width": 55.0,
                "height": 14.0,
                "class_id": 0
            }
        ],
        "car": [
            {
                "class_id": 2,
                "x_center": 0.4815771281719208,
                "y_center": 0.4439220130443573,
                "width": 0.8986731767654419,
                "height": 0.7698442935943604
            }
        ]
    }
}