{
    "image": "129.png",
    "detections": {
        "matricule": [
            {
                "x": 232.0,
                "y": 79.0,
                "width": 60.0,
                "height": 20.0,
                "class_id": 0
            }
        ],
        "car": [
            {
                "class_id": 2,
                "x_center": 0.4991357624530792,
                "y_center": 0.4533957839012146,
                "width": 0.9220412969589233,
                "height": 0.8158261179924011
            }
        ]
    }
}