{
    "image": "13.png",
    "detections": {
        "matricule": [
            {
                "value":"212 3791",
                "x": 205.0,
                "y": 106.5,
                "width": 72.0,
                "height": 19.0,
                "class_id": 0
            }
        ],
        "car": [
            {
                "class_id": 2,
                "x_center": 0.4759271740913391,
                "y_center": 0.4776822030544281,
                "width": 0.8806289434432983,
                "height": 0.8513301014900208
            }
        ]
    }
}