{
    "image": "130.png",
    "detections": {
        "matricule": [
            {
                "x": 248.0,
                "y": 129.5,
                "width": 48.0,
                "height": 15.0,
                "class_id": 0
            }
        ],
        "car": [
            {
                "class_id": 2,
                "x_center": 0.49947959184646606,
                "y_center": 0.4932801425457001,
                "width": 0.8271139860153198,
                "height": 0.7386078834533691
            }
        ]
    }
}