{
    "image": "131.png",
    "detections": {
        "matricule": [
            {
                "value": "95 3048",
                "x": 222.5,
                "y": 139.5,
                "width": 53.0,
                "height": 15.0,
                "class_id": 0
            }
        ],
        "car": [
            {
                "class_id": 7,
                "x_center": 0.45965659618377686,
                "y_center": 0.45041337609291077,
                "width": 0.8735867142677307,
                "height": 0.6549320816993713
            },
            {
                "class_id": 2,
                "x_center": 0.46607711911201477,
                "y_center": 0.44966381788253784,
                "width": 0.8702548146247864,
                "height": 0.6570952534675598
            }
        ]
    }
}