{
    "image": "132.png",
    "detections": {
        "matricule": [
            {
                "value": "171324",
                "x": 208.0,
                "y": 109.0,
                "width": 52.0,
                "height": 16.0,
                "class_id": 0
            }
        ],
        "car": [
            {
                "class_id": 2,
                "x_center": 0.519138514995575,
                "y_center": 0.45974108576774597,
                "width": 0.9128092527389526,
                "height": 0.7088022232055664
            }
        ]
    }
}