{
    "image": "133.png",
    "detections": {
        "matricule": [
            {
                "x": 293.0,
                "y": 112.0,
                "width": 80.0,
                "height": 24.0,
                "class_id": 0
            }
        ],
        "car": [
            {
                "class_id": 2,
                "x_center": 0.5031872391700745,
                "y_center": 0.4991832673549652,
                "width": 0.8722800612449646,
                "height": 0.8240317702293396
            }
        ]
    }
}