{
    "image": "134.png",
    "detections": {
        "matricule": [
            {
                "x": 191.0,
                "y": 232.0,
                "width": 102.0,
                "height": 24.0,
                "class_id": 0
            }
        ],
        "car": [
            {
                "class_id": 7,
                "x_center": 0.46688663959503174,
                "y_center": 0.4340052008628845,
                "width": 0.8174635171890259,
                "height": 0.7998824119567871
            },
            {
                "class_id": 2,
                "x_center": 0.4717572331428528,
                "y_center": 0.4406568109989166,
                "width": 0.8133528828620911,
                "height": 0.8024855852127075
            },
            {
                "class_id": 2,
                "x_center": 0.1255531758069992,
                "y_center": 0.23705250024795532,
                "width": 0.1090296059846878,
                "height": 0.07971696555614471
            }
        ]
    }
}