{
    "image": "135.png",
    "detections": {
        "matricule": [
            {
                "x": 318.0,
                "y": 194.5,
                "width": 98.0,
                "height": 33.0,
                "class_id": 0
            }
        ],
        "car": [
            {
                "class_id": 2,
                "x_center": 0.47411298751831055,
                "y_center": 0.4981297254562378,
                "width": 0.8685842752456665,
                "height": 0.8294771909713745
            },
            {
                "class_id": 5,
                "x_center": 0.4814850091934204,
                "y_center": 0.49579691886901855,
                "width": 0.8750292062759399,
                "height": 0.8347477912902832
            }
        ]
    }
}