{
    "image": "136.png",
    "detections": {
        "matricule": [
            {
                "value": "127 1371",
                "x": 302.5,
                "y": 143.5,
                "width": 79.0,
                "height": 27.0,
                "class_id": 0
            }
        ],
        "car": [
            {
                "class_id": 7,
                "x_center": 0.46161583065986633,
                "y_center": 0.5030340552330017,
                "width": 0.9152358770370483,
                "height": 0.8614701628684998
            },
            {
                "class_id": 2,
                "x_center": 0.46458521485328674,
                "y_center": 0.49782922863960266,
                "width": 0.918574333190918,
                "height": 0.8931090831756592
            },
            {
                "class_id": 0,
                "x_center": 0.31929874420166016,
                "y_center": 0.2681882083415985,
                "width": 0.0971960723400116,
                "height": 0.1931258887052536
            }
        ]
    }
}