{
    "image": "137.png",
    "detections": {
        "matricule": [
            {
                "x": 86.0,
                "y": 208.5,
                "width": 70.0,
                "height": 17.0,
                "class_id": 0
            }
        ],
        "car": [
            {
                "class_id": 2,
                "x_center": 0.9448347091674805,
                "y_center": 0.43672114610671997,
                "width": 0.10976260155439377,
                "height": 0.36986690759658813
            },
            {
                "class_id": 7,
                "x_center": 0.46290892362594604,
                "y_center": 0.49491649866104126,
                "width": 0.8744045495986938,
                "height": 0.905979573726654
            }
        ]
    }
}