{
    "image": "138.png",
    "detections": {
        "matricule": [
            {
                "x": 97.5,
                "y": 147.0,
                "width": 59.0,
                "height": 18.0,
                "class_id": 0
            }
        ],
        "car": [
            {
                "class_id": 2,
                "x_center": 0.4525512158870697,
                "y_center": 0.4790359437465668,
                "width": 0.8395428657531738,
                "height": 0.7947340607643127
            },
            {
                "class_id": 58,
                "x_center": 0.02878108248114586,
                "y_center": 0.4508243501186371,
                "width": 0.05756216496229172,
                "height": 0.2455577552318573
            }
        ]
    }
}