{
    "image": "139.png",
    "detections": {
        "matricule": [
            {
                "x": 220.5,
                "y": 429.0,
                "width": 177.0,
                "height": 40.0,
                "class_id": 0
            }
        ],
        "car": [
            {
                "class_id": 7,
                "x_center": 0.47052955627441406,
                "y_center": 0.482182115316391,
                "width": 0.9410591125488281,
                "height": 0.9449723362922668
            },
            {
                "class_id": 5,
                "x_center": 0.47033119201660156,
                "y_center": 0.4812735617160797,
                "width": 0.9406623840332031,
                "height": 0.9358116984367371
            }
        ]
    }
}