{
    "image": "14.png",
    "detections": {
        "matricule": [
            {
                "value":"217 68",
                "x": 266.5,
                "y": 128.5,
                "width": 77.0,
                "height": 21.0,
                "class_id": 0
            }
        ],
        "car": [
            {
                "class_id": 7,
                "x_center": 0.47801634669303894,
                "y_center": 0.46906372904777527,
                "width": 0.9483117461204529,
                "height": 0.8250685334205627
            },
            {
                "class_id": 2,
                "x_center": 0.4820910394191742,
                "y_center": 0.4568285644054413,
                "width": 0.9533719420433044,
                "height": 0.8503278493881226
            }
        ]
    }
}