{
    "image": "140.png",
    "detections": {
        "matricule": [
            {
                "value": "174 7344",
                "x": 98.0,
                "y": 210.0,
                "width": 84.0,
                "height": 30.0,
                "class_id": 0
            }
        ],
        "car": [
            {
                "class_id": 2,
                "x_center": 0.5099896192550659,
                "y_center": 0.5045883059501648,
                "width": 0.9701757431030273,
                "height": 0.8685196042060852
            },
            {
                "class_id": 28,
                "x_center": 0.5111624002456665,
                "y_center": 0.5026746988296509,
                "width": 0.9673862457275391,
                "height": 0.8798525333404541
            }
        ]
    }
}