{
    "image": "141.png",
    "detections": {
        "matricule": [
            {
                "x": 126.0,
                "y": 221.5,
                "width": 104.0,
                "height": 23.0,
                "class_id": 0
            }
        ],
        "car": [
            {
                "class_id": 7,
                "x_center": 0.4713553190231323,
                "y_center": 0.5030055642127991,
                "width": 0.8168956637382507,
                "height": 0.8571560382843018
            },
            {
                "class_id": 5,
                "x_center": 0.4717249572277069,
                "y_center": 0.5026072859764099,
                "width": 0.8138017654418945,
                "height": 0.8355651497840881
            }
        ]
    }
}