{
    "image": "142.png",
    "detections": {
        "matricule": [
            {
                "value": "169 5219",
                "x": 208.0,
                "y": 112.0,
                "width": 44.0,
                "height": 14.0,
                "class_id": 0
            }
        ],
        "car": [
            {
                "class_id": 2,
                "x_center": 0.4661310613155365,
                "y_center": 0.4592663645744324,
                "width": 0.8488454818725586,
                "height": 0.7470654845237732
            }
        ]
    }
}