{
    "image": "143.png",
    "detections": {
        "matricule": [
            {
                "x": 102.0,
                "y": 111.0,
                "width": 56.0,
                "height": 18.0,
                "class_id": 0
            }
        ],
        "car": [
            {
                "class_id": 7,
                "x_center": 0.5292305946350098,
                "y_center": 0.4883585572242737,
                "width": 0.8894269466400146,
                "height": 0.7878405451774597
            }
        ]
    }
}