{
    "image": "144.png",
    "detections": {
        "matricule": [
            {
                "x": 147.5,
                "y": 188.0,
                "width": 99.0,
                "height": 22.0,
                "class_id": 0
            }
        ],
        "car": [
            {
                "class_id": 2,
                "x_center": 0.47207558155059814,
                "y_center": 0.4692540466785431,
                "width": 0.8914755582809448,
                "height": 0.8834770917892456
            },
            {
                "class_id": 7,
                "x_center": 0.46628910303115845,
                "y_center": 0.4492844343185425,
                "width": 0.8778803944587708,
                "height": 0.8322765827178955
            },
            {
                "class_id": 2,
                "x_center": 0.8645332455635071,
                "y_center": 0.2514168620109558,
                "width": 0.22406049072742462,
                "height": 0.39926058053970337
            }
        ]
    }
}