{
    "image": "145.png",
    "detections": {
        "matricule": [
            {
                "value": "208 6819",
                "x": 299.0,
                "y": 208.0,
                "width": 128.0,
                "height": 38.0,
                "class_id": 0
            }
        ],
        "car": [
            {
                "class_id": 2,
                "x_center": 0.46282434463500977,
                "y_center": 0.44519054889678955,
                "width": 0.8845216631889343,
                "height": 0.8559944033622742
            },
            {
                "class_id": 2,
                "x_center": 0.08333572000265121,
                "y_center": 0.24193565547466278,
                "width": 0.16667144000530243,
                "height": 0.38482746481895447
            },
            {
                "class_id": 2,
                "x_center": 0.022322148084640503,
                "y_center": 0.13886462152004242,
                "width": 0.044644296169281006,
                "height": 0.13382519781589508
            }
        ]
    }
}