{
    "image": "146.png",
    "detections": {
        "matricule": [
            {
                "value": "168 9023",
                "x": 137.5,
                "y": 143.5,
                "width": 53.0,
                "height": 13.0,
                "class_id": 0
            }
        ],
        "car": [
            {
                "class_id": 2,
                "x_center": 0.5060921311378479,
                "y_center": 0.5202785134315491,
                "width": 0.880338728427887,
                "height": 0.747558057308197
            }
        ]
    }
}