{
    "image": "147.png",
    "detections": {
        "matricule": [],
        "car": [
            {
                "class_id": 2,
                "x_center": 0.5079661011695862,
                "y_center": 0.5239262580871582,
                "width": 0.9446976184844971,
                "height": 0.8473449349403381
            },
            {
                "class_id": 2,
                "x_center": 0.8420550227165222,
                "y_center": 0.21364624798297882,
                "width": 0.31499096751213074,
                "height": 0.41641223430633545
            }
        ]
    }
}