{
    "image": "148.png",
    "detections": {
        "matricule": [
            {
                "value": "98 6757",
                "x": 196.5,
                "y": 81.5,
                "width": 35.0,
                "height": 11.0,
                "class_id": 0
            }
        ],
        "car": [
            {
                "class_id": 2,
                "x_center": 0.5159783959388733,
                "y_center": 0.4616541266441345,
                "width": 0.9448745250701904,
                "height": 0.8164091110229492
            }
        ]
    }
}