{
    "image": "149.png",
    "detections": {
        "matricule": [
            {
                "value": "219 5152",
                "x": 434.0,
                "y": 312.5,
                "width": 54.0,
                "height": 23.0,
                "class_id": 0
            }
        ],
        "car": [
            {
                "class_id": 7,
                "x_center": 0.50077223777771,
                "y_center": 0.5300630331039429,
                "width": 0.9099097847938538,
                "height": 0.786139965057373
            }
        ]
    }
}