{
    "image": "15.png",
    "detections": {
        "matricule": [
            {
                "x": 67.0,
                "y": 110.5,
                "width": 42.0,
                "height": 13.0,
                "class_id": 0
            }
        ],
        "car": [
            {
                "class_id": 5,
                "x_center": 0.4604812562465668,
                "y_center": 0.4753621518611908,
                "width": 0.8980619311332703,
                "height": 0.8658345341682434
            }
        ]
    }
}