{
    "image": "150.png",
    "detections": {
        "matricule": [
            {
                "x": 292.0,
                "y": 143.5,
                "width": 48.0,
                "height": 21.0,
                "class_id": 0
            }
        ],
        "car": [
            {
                "class_id": 7,
                "x_center": 0.5053055882453918,
                "y_center": 0.47242432832717896,
                "width": 0.9438652992248535,
                "height": 0.8309856653213501
            },
            {
                "class_id": 2,
                "x_center": 0.5128858685493469,
                "y_center": 0.4664699137210846,
                "width": 0.9375571012496948,
                "height": 0.8396390080451965
            },
            {
                "class_id": 0,
                "x_center": 0.4994859993457794,
                "y_center": 0.23990383744239807,
                "width": 0.0673026293516159,
                "height": 0.12951338291168213
            }
        ]
    }
}