{
    "image": "151.png",
    "detections": {
        "matricule": [
            {
                "x": 240.0,
                "y": 81.5,
                "width": 36.0,
                "height": 13.0,
                "class_id": 0
            }
        ],
        "car": [
            {
                "class_id": 2,
                "x_center": 0.4846142530441284,
                "y_center": 0.4694749414920807,
                "width": 0.8453519344329834,
                "height": 0.8200466632843018
            },
            {
                "class_id": 2,
                "x_center": 0.8738340139389038,
                "y_center": 0.18217554688453674,
                "width": 0.25060802698135376,
                "height": 0.3569415509700775
            }
        ]
    }
}