{
    "image": "152.png",
    "detections": {
        "matricule": [
            {
                "value": "151 1343",
                "x": 293.5,
                "y": 142.0,
                "width": 53.0,
                "height": 22.0,
                "class_id": 0
            }
        ],
        "car": [
            {
                "class_id": 2,
                "x_center": 0.4849853515625,
                "y_center": 0.4625329375267029,
                "width": 0.9282297492027283,
                "height": 0.7792688608169556
            }
        ]
    }
}