{
    "image": "153.png",
    "detections": {
        "matricule": [
            {
                "x": 302.5,
                "y": 143.5,
                "width": 45.0,
                "height": 17.0,
                "class_id": 0
            }
        ],
        "car": [
            {
                "class_id": 7,
                "x_center": 0.5011144876480103,
                "y_center": 0.46164584159851074,
                "width": 0.8975163102149963,
                "height": 0.7917120456695557
            }
        ]
    }
}