{
    "image": "155.png",
    "detections": {
        "matricule": [
            {
                "x": 253.0,
                "y": 125.0,
                "width": 50.0,
                "height": 20.0,
                "class_id": 0
            }
        ],
        "car": [
            {
                "class_id": 2,
                "x_center": 0.468312531709671,
                "y_center": 0.4758623540401459,
                "width": 0.8910018801689148,
                "height": 0.8752633929252625
            }
        ]
    }
}