{
    "image": "156.png",
    "detections": {
        "matricule": [
            {
                "value": "170 6989",
                "x": 266.5,
                "y": 132.5,
                "width": 49.0,
                "height": 17.0,
                "class_id": 0
            }
        ],
        "car": [
            {
                "class_id": 2,
                "x_center": 0.5112406611442566,
                "y_center": 0.5172539353370667,
                "width": 0.9296422600746155,
                "height": 0.8335874080657959
            },
            {
                "class_id": 0,
                "x_center": 0.03273698687553406,
                "y_center": 0.1921987235546112,
                "width": 0.03910886123776436,
                "height": 0.12318270653486252
            },
            {
                "class_id": 7,
                "x_center": 0.9329740405082703,
                "y_center": 0.17463906109333038,
                "width": 0.1331794559955597,
                "height": 0.2891603112220764
            }
        ]
    }
}