{
    "image": "157.png",
    "detections": {
        "matricule": [
            {
                "value": "173 3354",
                "x": 281.5,
                "y": 154.5,
                "width": 45.0,
                "height": 17.0,
                "class_id": 0
            }
        ],
        "car": [
            {
                "class_id": 7,
                "x_center": 0.49852094054222107,
                "y_center": 0.4837668836116791,
                "width": 0.915061354637146,
                "height": 0.796339213848114
            }
        ]
    }
}