{
    "image": "159.png",
    "detections": {
        "matricule": [
            {
                "x": 447.5,
                "y": 624.0,
                "width": 137.0,
                "height": 34.0,
                "class_id": 0
            }
        ],
        "car": [
            {
                "class_id": 2,
                "x_center": 0.23274996876716614,
                "y_center": 0.3982304036617279,
                "width": 0.25644606351852417,
                "height": 0.3417418897151947
            },
            {
                "class_id": 7,
                "x_center": 0.747439980506897,
                "y_center": 0.39906826615333557,
                "width": 0.1610555648803711,
                "height": 0.20444299280643463
            }
        ]
    }
}