{
    "image": "16.png",
    "detections": {
        "matricule": [
            {
                "x": 179.0,
                "y": 95.5,
                "width": 62.0,
                "height": 17.0,
                "class_id": 0
            }
        ],
        "car": [
            {
                "class_id": 2,
                "x_center": 0.4924409091472626,
                "y_center": 0.46976029872894287,
                "width": 0.8809736371040344,
                "height": 0.8110008835792542
            }
        ]
    }
}