{
    "image": "161.png",
    "detections": {
        "matricule": [],
        "car": [
            {
                "class_id": 5,
                "x_center": 0.5614305734634399,
                "y_center": 0.45765599608421326,
                "width": 0.3846827447414398,
                "height": 0.38259074091911316
            },
            {
                "class_id": 2,
                "x_center": 0.7544819116592407,
                "y_center": 0.1804811954498291,
                "width": 0.052689969539642334,
                "height": 0.03709894418716431
            }
        ]
    }
}