{
    "image": "162.png",
    "detections": {
        "matricule": [
            {
                "value": "99 6345",
                "x": 671.5,
                "y": 758.0,
                "width": 247.0,
                "height": 66.0,
                "class_id": 0
            }
        ],
        "car": [
            {
                "class_id": 2,
                "x_center": 0.571572482585907,
                "y_center": 0.23455746471881866,
                "width": 0.07204592227935791,
                "height": 0.09441796690225601
            },
            {
                "class_id": 2,
                "x_center": 0.41690486669540405,
                "y_center": 0.4927396774291992,
                "width": 0.49511051177978516,
                "height": 0.43376052379608154
            }
        ]
    }
}