{
    "image": "163.png",
    "detections": {
        "matricule": [],
        "car": [
            {
                "class_id": 2,
                "x_center": 0.2696762979030609,
                "y_center": 0.30405446887016296,
                "width": 0.5393525958061218,
                "height": 0.16990239918231964
            },
            {
                "class_id": 2,
                "x_center": 0.6615127325057983,
                "y_center": 0.2556135654449463,
                "width": 0.2940623462200165,
                "height": 0.10100412368774414
            },
            {
                "class_id": 2,
                "x_center": 0.8379325270652771,
                "y_center": 0.20734457671642303,
                "width": 0.13445314764976501,
                "height": 0.02784109115600586
            }
        ]
    }
}