{
    "image": "17.png",
    "detections": {
        "matricule": [
            {
                "value":"153 7098",
                "x": 170.0,
                "y": 133.0,
                "width": 58.0,
                "height": 18.0,
                "class_id": 0
            }
        ],
        "car": [
            {
                "class_id": 2,
                "x_center": 0.5161824822425842,
                "y_center": 0.4958537220954895,
                "width": 0.8026352524757385,
                "height": 0.7969610691070557
            }
        ]
    }
}