{
    "image": "18.png",
    "detections": {
        "matricule": [
            {
                "value":"108 1450",
                "x": 65.0,
                "y": 93.5,
                "width": 48.0,
                "height": 13.0,
                "class_id": 0
            }
        ],
        "car": [
            {
                "class_id": 7,
                "x_center": 0.4587073028087616,
                "y_center": 0.46314942836761475,
                "width": 0.8890203237533569,
                "height": 0.8276469707489014
            }
        ]
    }
}