{
    "image": "19.png",
    "detections": {
        "matricule": [
            {
                "value":"158361",
                "x": 164.5,
                "y": 122.0,
                "width": 55.0,
                "height": 16.0,
                "class_id": 1
            }
        ],
        "car": [
            {
                "class_id": 2,
                "x_center": 0.48635995388031006,
                "y_center": 0.4602622985839844,
                "width": 0.8142170906066895,
                "height": 0.7923828363418579
            },
            {
                "class_id": 2,
                "x_center": 0.08749129623174667,
                "y_center": 0.4325508773326874,
                "width": 0.17487572133541107,
                "height": 0.41763538122177124
            }
        ]
    }
}