{
    "image": "2.png",
    "detections": {
        "matricule": [
            {
                "x": 148.0,
                "y": 105.5,
                "width": 44.0,
                "height": 11.0,
                "class_id": 0
            }
        ],
        "car": [
            {
                "class_id": 2,
                "x_center": 0.4950878322124481,
                "y_center": 0.4921886920928955,
                "width": 0.8982299566268921,
                "height": 0.8050965070724487
            },
            {
                "class_id": 7,
                "x_center": 0.04480218142271042,
                "y_center": 0.28975221514701843,
                "width": 0.0895579382777214,
                "height": 0.5338208079338074
            },
            {
                "class_id": 2,
                "x_center": 0.046197813004255295,
                "y_center": 0.2816913425922394,
                "width": 0.09172765165567398,
                "height": 0.5111633539199829
            }
        ]
    }
}