{
    "image": "20.png",
    "detections": {
        "matricule": [
            {
                "x": 180.0,
                "y": 133.0,
                "width": 64.0,
                "height": 20.0,
                "class_id": 0
            }
        ],
        "car": [
            {
                "class_id": 2,
                "x_center": 0.07700934261083603,
                "y_center": 0.41989147663116455,
                "width": 0.15379118919372559,
                "height": 0.4133915901184082
            },
            {
                "class_id": 2,
                "x_center": 0.4873022437095642,
                "y_center": 0.45394814014434814,
                "width": 0.9048560261726379,
                "height": 0.7964116930961609
            },
            {
                "class_id": 7,
                "x_center": 0.4846833348274231,
                "y_center": 0.4578896164894104,
                "width": 0.9041765928268433,
                "height": 0.8184638619422913
            }
        ]
    }
}