{
    "image": "21.png",
    "detections": {
        "matricule": [
            {
                "value":"247171",
                "x": 33.0,
                "y": 127.0,
                "width": 48.0,
                "height": 12.0,
                "class_id": 1
            }
        ],
        "car": [
            {
                "class_id": 7,
                "x_center": 0.45975950360298157,
                "y_center": 0.5247017741203308,
                "width": 0.9195190072059631,
                "height": 0.7759774923324585
            },
            {
                "class_id": 2,
                "x_center": 0.4550386667251587,
                "y_center": 0.5271596312522888,
                "width": 0.8967456817626953,
                "height": 0.747245728969574
            }
        ]
    }
}