{
    "image": "22.png",
    "detections": {
        "matricule": [
            {
                "value": "12 129609",
                "x": 52.5,
                "y": 96.0,
                "width": 41.0,
                "height": 12.0,
                "class_id": 2
            }
        ],
        "car": [
            {
                "class_id": 7,
                "x_center": 0.4509403109550476,
                "y_center": 0.5030270218849182,
                "width": 0.8152691721916199,
                "height": 0.8891630172729492
            },
            {
                "class_id": 5,
                "x_center": 0.45095640420913696,
                "y_center": 0.5097059011459351,
                "width": 0.8234307765960693,
                "height": 0.860602617263794
            }
        ]
    }
}