{
    "image": "23.png",
    "detections": {
        "matricule": [
            {
                "value":"212 3791",
                "x": 183.5,
                "y": 116.0,
                "width": 75.0,
                "height": 18.0,
                "class_id": 0
            }
        ],
        "car": [
            {
                "class_id": 2,
                "x_center": 0.49260109663009644,
                "y_center": 0.4977804720401764,
                "width": 0.81702721118927,
                "height": 0.7965014576911926
            }
        ]
    }
}