{
    "image": "24.png",
    "detections": {
        "matricule": [
            {
                "x": 299.0,
                "y": 195.0,
                "width": 102.0,
                "height": 30.0,
                "class_id": 0
            }
        ],
        "car": [
            {
                "class_id": 2,
                "x_center": 0.4884417653083801,
                "y_center": 0.4637671709060669,
                "width": 0.8448207378387451,
                "height": 0.7873998284339905
            },
            {
                "class_id": 2,
                "x_center": 0.8730627298355103,
                "y_center": 0.27905699610710144,
                "width": 0.25291234254837036,
                "height": 0.24541383981704712
            }
        ]
    }
}