{
    "image": "25.png",
    "detections": {
        "matricule": [
            {
                "x": 257.5,
                "y": 163.5,
                "width": 65.0,
                "height": 23.0,
                "class_id": 0
            }
        ],
        "car": [
            {
                "class_id": 2,
                "x_center": 0.4963424503803253,
                "y_center": 0.4778832495212555,
                "width": 0.8735362887382507,
                "height": 0.7498298287391663
            }
        ]
    }
}