{
    "image": "26.png",
    "detections": {
        "matricule": [
            {
                "value":"145 2814",
                "x": 106.5,
                "y": 149.0,
                "width": 81.0,
                "height": 24.0,
                "class_id": 0
            }
        ],
        "car": [
            {
                "class_id": 2,
                "x_center": 0.47422322630882263,
                "y_center": 0.48897144198417664,
                "width": 0.8537752032279968,
                "height": 0.8125069737434387
            }
        ]
    }
}