{
    "image": "27.png",
    "detections": {
        "matricule": [
            {
                "value":"120 2876",
                "x": 135.0,
                "y": 170.5,
                "width": 80.0,
                "height": 17.0,
                "class_id": 0
            }
        ],
        "car": [
            {
                "class_id": 2,
                "x_center": 0.8881312012672424,
                "y_center": 0.38052529096603394,
                "width": 0.22267892956733704,
                "height": 0.4745590090751648
            },
            {
                "class_id": 2,
                "x_center": 0.48298245668411255,
                "y_center": 0.4882371425628662,
                "width": 0.8182164430618286,
                "height": 0.8436827063560486
            }
        ]
    }
}