{
    "image": "28.png",
    "detections": {
        "matricule": [
            {
                "x": 122.5,
                "y": 198.5,
                "width": 89.0,
                "height": 23.0,
                "class_id": 0
            }
        ],
        "car": [
            {
                "class_id": 2,
                "x_center": 0.45135536789894104,
                "y_center": 0.47717005014419556,
                "width": 0.874363362789154,
                "height": 0.8090309500694275
            },
            {
                "class_id": 2,
                "x_center": 0.9764996767044067,
                "y_center": 0.36130818724632263,
                "width": 0.04651335999369621,
                "height": 0.3274827003479004
            },
            {
                "class_id": 7,
                "x_center": 0.9764009118080139,
                "y_center": 0.36066338419914246,
                "width": 0.04609338939189911,
                "height": 0.3241996169090271
            }
        ]
    }
}