{
    "image": "29.png",
    "detections": {
        "matricule": [
            {
                "x": 148.5,
                "y": 225.5,
                "width": 107.0,
                "height": 35.0,
                "class_id": 0
            }
        ],
        "car": [
            {
                "class_id": 7,
                "x_center": 0.47207963466644287,
                "y_center": 0.4886423647403717,
                "width": 0.864571213722229,
                "height": 0.8531076312065125
            },
            {
                "class_id": 2,
                "x_center": 0.015869108960032463,
                "y_center": 0.3882617950439453,
                "width": 0.031584180891513824,
                "height": 0.19114908576011658
            }
        ]
    }
}