{
    "image": "3.png",
    "detections": {
        "matricule": [
            {
                "x": 67.0,
                "y": 106.5,
                "width": 42.0,
                "height": 9.0,
                "class_id": 0
            }
        ],
        "car": [
            {
                "class_id": 7,
                "x_center": 0.4884021580219269,
                "y_center": 0.48351067304611206,
                "width": 0.8099760413169861,
                "height": 0.845339298248291
            }
        ]
    }
}