{
    "image": "30.png",
    "detections": {
        "matricule": [
            {
                "value":"202 1321",
                "x": 288.0,
                "y": 103.0,
                "width": 74.0,
                "height": 18.0,
                "class_id": 0
            }
        ],
        "car": [
            {
                "class_id": 2,
                "x_center": 0.5328212976455688,
                "y_center": 0.4651595652103424,
                "width": 0.8782395124435425,
                "height": 0.8684972524642944
            }
        ]
    }
}