{
    "image": "31.png",
    "detections": {
        "matricule": [
            {
                "value":"217 547",
                "x": 139.5,
                "y": 221.0,
                "width": 103.0,
                "height": 40.0,
                "class_id": 0
            }
        ],
        "car": [
            {
                "class_id": 7,
                "x_center": 0.49534937739372253,
                "y_center": 0.5185750126838684,
                "width": 0.8986575603485107,
                "height": 0.8451566696166992
            }
        ]
    }
}