{
    "image": "32.png",
    "detections": {
        "matricule": [
            {
                "x": 213.5,
                "y": 147.0,
                "width": 71.0,
                "height": 22.0,
                "class_id": 0
            }
        ],
        "car": [
            {
                "class_id": 2,
                "x_center": 0.49607762694358826,
                "y_center": 0.47833961248397827,
                "width": 0.8292222619056702,
                "height": 0.8410919308662415
            }
        ]
    }
}