{
    "image": "33.png",
    "detections": {
        "matricule": [
            {
                "value":"161 3552",
                "x": 189.0,
                "y": 72.5,
                "width": 44.0,
                "height": 11.0,
                "class_id": 0
            }
        ],
        "car": [
            {
                "class_id": 0,
                "x_center": 0.27354636788368225,
                "y_center": 0.444574236869812,
                "width": 0.1966046243906021,
                "height": 0.7744408249855042
            },
            {
                "class_id": 0,
                "x_center": 0.03341427072882652,
                "y_center": 0.46138855814933777,
                "width": 0.06674657016992569,
                "height": 0.8642268776893616
            },
            {
                "class_id": 2,
                "x_center": 0.6161200404167175,
                "y_center": 0.46135804057121277,
                "width": 0.5747876167297363,
                "height": 0.8057036995887756
            },
            {
                "class_id": 0,
                "x_center": 0.022995902225375175,
                "y_center": 0.4663671553134918,
                "width": 0.04599180445075035,
                "height": 0.8292656540870667
            }
        ]
    }
}