{
    "image": "34.png",
    "detections": {
        "matricule": [
            {
                "x": 226.0,
                "y": 298.0,
                "width": 56.0,
                "height": 14.0,
                "class_id": 0
            },
            {
                "x": 310.5,
                "y": 298.5,
                "width": 35.0,
                "height": 15.0,
                "class_id": 0
            }
        ],
        "car": [
            {
                "class_id": 7,
                "x_center": 0.49437251687049866,
                "y_center": 0.4673772156238556,
                "width": 0.9118276834487915,
                "height": 0.9261389374732971
            }
        ]
    }
}