{
    "image": "35.png",
    "detections": {
        "matricule": [
            {
                "x": 90.0,
                "y": 119.5,
                "width": 58.0,
                "height": 15.0,
                "class_id": 0
            }
        ],
        "car": [
            {
                "class_id": 2,
                "x_center": 0.9555282592773438,
                "y_center": 0.3373072147369385,
                "width": 0.088457852602005,
                "height": 0.19431835412979126
            },
            {
                "class_id": 7,
                "x_center": 0.4563978612422943,
                "y_center": 0.4624943137168884,
                "width": 0.8166456818580627,
                "height": 0.8244233727455139
            },
            {
                "class_id": 2,
                "x_center": 0.1614958643913269,
                "y_center": 0.4180109202861786,
                "width": 0.3221677541732788,
                "height": 0.8153848648071289
            }
        ]
    }
}