{
    "image": "36.png",
    "detections": {
        "matricule": [
            {
                "x": 71.5,
                "y": 93.5,
                "width": 43.0,
                "height": 9.0,
                "class_id": 0
            }
        ],
        "car": [
            {
                "class_id": 2,
                "x_center": 0.4780660569667816,
                "y_center": 0.4874105453491211,
                "width": 0.8593219518661499,
                "height": 0.7790382504463196
            }
        ]
    }
}