{
    "image": "37.png",
    "detections": {
        "matricule": [
            {
                "x": 71.5,
                "y": 97.5,
                "width": 43.0,
                "height": 13.0,
                "class_id": 0
            }
        ],
        "car": [
            {
                "class_id": 7,
                "x_center": 0.509790301322937,
                "y_center": 0.5155218243598938,
                "width": 0.9182908535003662,
                "height": 0.878622829914093
            },
            {
                "class_id": 2,
                "x_center": 0.5070824027061462,
                "y_center": 0.5091608762741089,
                "width": 0.9219611287117004,
                "height": 0.8545635938644409
            }
        ]
    }
}