{
    "image": "38.png",
    "detections": {
        "matricule": [
            {
                "x": 318.0,
                "y": 190.0,
                "width": 74.0,
                "height": 24.0,
                "class_id": 0
            }
        ],
        "car": [
            {
                "class_id": 7,
                "x_center": 0.5078313946723938,
                "y_center": 0.5089139938354492,
                "width": 0.8491670489311218,
                "height": 0.9163224101066589
            }
        ]
    }
}