{
    "image": "39.png",
    "detections": {
        "matricule": [
            {
                "value":"171324",
                "x": 265.0,
                "y": 152.0,
                "width": 78.0,
                "height": 24.0,
                "class_id": 1
            }
        ],
        "car": [
            {
                "class_id": 2,
                "x_center": 0.5068098306655884,
                "y_center": 0.46243005990982056,
                "width": 0.869825005531311,
                "height": 0.7043478488922119
            }
        ]
    }
}