{
    "image": "4.png",
    "detections": {
        "matricule": [],
        "car": [
            {
                "class_id": 5,
                "x_center": 0.530484676361084,
                "y_center": 0.5202927589416504,
                "width": 0.8435654044151306,
                "height": 0.8117417097091675
            }
        ]
    }
}