{
    "image": "40.png",
    "detections": {
        "matricule": [
            {
                "value":"161771",
                "x": 317.0,
                "y": 139.5,
                "width": 110.0,
                "height": 31.0,
                "class_id": 1
            }
        ],
        "car": [
            {
                "class_id": 2,
                "x_center": 0.4910809397697449,
                "y_center": 0.47404658794403076,
                "width": 0.902121901512146,
                "height": 0.8371552228927612
            }
        ]
    }
}