{
    "image": "41.png",
    "detections": {
        "matricule": [
            {
                "x": 110.5,
                "y": 120.0,
                "width": 73.0,
                "height": 24.0,
                "class_id": 0
            }
        ],
        "car": [
            {
                "class_id": 2,
                "x_center": 0.5089786052703857,
                "y_center": 0.4814305603504181,
                "width": 0.9023261070251465,
                "height": 0.8695128560066223
            }
        ]
    }
}