{
    "image": "42.png",
    "detections": {
        "matricule": [
            {
                "value": "215 231",
                "x": 74.0,
                "y": 131.5,
                "width": 60.0,
                "height": 17.0,
                "class_id": 0
            }
        ],
        "car": [
            {
                "class_id": 2,
                "x_center": 0.9334131479263306,
                "y_center": 0.40512675046920776,
                "width": 0.13185355067253113,
                "height": 0.42938467860221863
            },
            {
                "class_id": 2,
                "x_center": 0.44835540652275085,
                "y_center": 0.4824504256248474,
                "width": 0.8794424533843994,
                "height": 0.816992998123169
            },
            {
                "class_id": 2,
                "x_center": 0.8631665706634521,
                "y_center": 0.26911279559135437,
                "width": 0.10762425512075424,
                "height": 0.13540944457054138
            },
            {
                "class_id": 2,
                "x_center": 0.44107553362846375,
                "y_center": 0.3673882484436035,
                "width": 0.8608791828155518,
                "height": 0.5677816867828369
            }
        ]
    }
}