{
    "image": "44.png",
    "detections": {
        "matricule": [
            {
                "value":"89 1705",
                "x": 204.5,
                "y": 175.5,
                "width": 79.0,
                "height": 19.0,
                "class_id": 0
            }
        ],
        "car": [
            {
                "class_id": 2,
                "x_center": 0.4889688193798065,
                "y_center": 0.47348350286483765,
                "width": 0.8370904922485352,
                "height": 0.827099621295929
            }
        ]
    }
}