{
    "image": "45.png",
    "detections": {
        "matricule": [
            {
                "value":"122 2823",
                "x": 183.5,
                "y": 140.5,
                "width": 67.0,
                "height": 15.0,
                "class_id": 0
            }
        ],
        "car": [
            {
                "class_id": 2,
                "x_center": 0.8649388551712036,
                "y_center": 0.33588671684265137,
                "width": 0.2690679132938385,
                "height": 0.353854775428772
            },
            {
                "class_id": 2,
                "x_center": 0.4800315499305725,
                "y_center": 0.48374271392822266,
                "width": 0.8857724070549011,
                "height": 0.7598463296890259
            },
            {
                "class_id": 2,
                "x_center": 0.07297492027282715,
                "y_center": 0.3324025571346283,
                "width": 0.14559918642044067,
                "height": 0.16058191657066345
            },
            {
                "class_id": 2,
                "x_center": 0.039063822478055954,
                "y_center": 0.2973928153514862,
                "width": 0.0755435973405838,
                "height": 0.07799310237169266
            }
        ]
    }
}