{
    "image": "46.png",
    "detections": {
        "matricule": [        
            {
            "value": "132 6731",
            "x": 116.5,
            "y": 153.0,
            "width": 77.0,
            "height": 18.0,
            "class_id": 0
        }
    ],
        "car": [
            {
                "class_id": 2,
                "x_center": 0.4709812104701996,
                "y_center": 0.5172275304794312,
                "width": 0.8825621008872986,
                "height": 0.8899867534637451
            },
            {
                "class_id": 2,
                "x_center": 0.8951101899147034,
                "y_center": 0.33721476793289185,
                "width": 0.09469685703516006,
                "height": 0.11742185801267624
            },
            {
                "class_id": 2,
                "x_center": 0.47167396545410156,
                "y_center": 0.3863053321838379,
                "width": 0.8736381530761719,
                "height": 0.6169984936714172
            }
        ]
    }
}