{
    "image": "48.png",
    "detections": {
        "matricule": [
            {
                "value":"159 1516",
                "x": 127.5,
                "y": 134.0,
                "width": 69.0,
                "height": 14.0,
                "class_id": 0
            }
        ],
        "car": [
            {
                "class_id": 2,
                "x_center": 0.5451706647872925,
                "y_center": 0.49869316816329956,
                "width": 0.8803464770317078,
                "height": 0.8322655558586121
            },
            {
                "class_id": 2,
                "x_center": 0.09396868944168091,
                "y_center": 0.24069570004940033,
                "width": 0.07986936718225479,
                "height": 0.08701476454734802
            }
        ]
    }
}