{
    "image": "49.png",
    "detections": {
        "matricule": [
            {
                "value":"136 5699",
                "x": 258.5,
                "y": 128.0,
                "width": 63.0,
                "height": 20.0,
                "class_id": 0
            }
        ],
        "car": [
            {
                "class_id": 2,
                "x_center": 0.4832385182380676,
                "y_center": 0.47755083441734314,
                "width": 0.8653614521026611,
                "height": 0.7915875911712646
            },
            {
                "class_id": 2,
                "x_center": 0.14912647008895874,
                "y_center": 0.24556583166122437,
                "width": 0.2614351212978363,
                "height": 0.2638784646987915
            },
            {
                "class_id": 2,
                "x_center": 0.05464685708284378,
                "y_center": 0.4166019558906555,
                "width": 0.10907914489507675,
                "height": 0.45943596959114075
            }
        ]
    }
}