{
    "image": "5.png",
    "detections": {
        "matricule": [
            {
                "x": 83.5,
                "y": 101.0,
                "width": 55.0,
                "height": 12.0,
                "class_id": 0
            }
        ],
        "car": [
            {
                "class_id": 2,
                "x_center": 0.5130466818809509,
                "y_center": 0.48785167932510376,
                "width": 0.9345042109489441,
                "height": 0.8047587871551514
            }
        ]
    }
}