{
    "image": "50.png",
    "detections": {
        "matricule": [
            {
                "value":"171 3340",
                "x": 333.5,
                "y": 151.0,
                "width": 61.0,
                "height": 18.0,
                "class_id": 0
            }
        ],
        "car": [
            {
                "class_id": 2,
                "x_center": 0.4841671884059906,
                "y_center": 0.43486273288726807,
                "width": 0.8906576037406921,
                "height": 0.7751645445823669
            },
            {
                "class_id": 2,
                "x_center": 0.07084275782108307,
                "y_center": 0.2553817927837372,
                "width": 0.14087574183940887,
                "height": 0.3203994333744049
            }
        ]
    }
}