{
    "image": "51.png",
    "detections": {
        "matricule": [
            {
                "value": "130 9167",
                "x": 292.0,
                "y": 90.0,
                "width": 62.0,
                "height": 20.0,
                "class_id": 0
            }
        ],
        "car": [
            {
                "class_id": 2,
                "x_center": 0.5175223350524902,
                "y_center": 0.5221644043922424,
                "width": 0.8288484215736389,
                "height": 0.86334228515625
            }
        ]
    }
}