{
    "image": "52.png",
    "detections": {
        "matricule": [
            {
                "value": "95 6983",
                "x": 290.0,
                "y": 167.0,
                "width": 76.0,
                "height": 24.0,
                "class_id": 0
            }
        ],
        "car": [
            {
                "class_id": 0,
                "x_center": 0.23067355155944824,
                "y_center": 0.49617186188697815,
                "width": 0.1827181875705719,
                "height": 0.6344038844108582
            },
            {
                "class_id": 2,
                "x_center": 0.48122748732566833,
                "y_center": 0.5023893117904663,
                "width": 0.8599445223808289,
                "height": 0.7714166641235352
            }
        ]
    }
}