{
    "image": "53.png",
    "detections": {
        "matricule": [],
        "car": [
            {
                "class_id": 2,
                "x_center": 0.4827355444431305,
                "y_center": 0.5044902563095093,
                "width": 0.7630881667137146,
                "height": 0.5228509902954102
            }
        ]
    }
}