{
    "image": "53.png",
    "detections": {
        "matricule": [
            {
                "value":"209 2159",
                "x": 65.0,
                "y": 145.5,
                "width": 40.0,
                "height": 15.0,
                "class_id": 0
            }
        ],
        "car": [
            {
                "class_id": 2,
                "x_center": 0.4827355444431305,
                "y_center": 0.5044902563095093,
                "width": 0.7630881667137146,
                "height": 0.5228509902954102
            }
        ]
    }
}