{
    "image": "54.png",
    "detections": {
        "matricule": [],
        "car": [
            {
                "class_id": 7,
                "x_center": 0.507518470287323,
                "y_center": 0.4552285075187683,
                "width": 0.7002687454223633,
                "height": 0.6461706757545471
            }
        ]
    }
}