{
    "image": "55.png",
    "detections": {
        "matricule": [
            {
                "x": 126.0,
                "y": 102.0,
                "width": 34.0,
                "height": 10.0,
                "class_id": 0
            }
        ],
        "car": [
            {
                "class_id": 2,
                "x_center": 0.5931767821311951,
                "y_center": 0.5026887059211731,
                "width": 0.626691997051239,
                "height": 0.5957420468330383
            }
        ]
    }
}