{
    "image": "56.png",
    "detections": {
        "matricule": [
            {
                "value": "132 8843",
                "x": 149.5,
                "y": 205.5,
                "width": 61.0,
                "height": 15.0,
                "class_id": 0
            }
        ],
        "car": [
            {
                "class_id": 5,
                "x_center": 0.5086867809295654,
                "y_center": 0.537507176399231,
                "width": 0.8671431541442871,
                "height": 0.6581071615219116
            },
            {
                "class_id": 7,
                "x_center": 0.5127751231193542,
                "y_center": 0.5401638746261597,
                "width": 0.8207340240478516,
                "height": 0.6482347249984741
            }
        ]
    }
}