{
    "image": "57.png",
    "detections": {
        "matricule": [
            {
                "x": 88.0,
                "y": 116.0,
                "width": 52.0,
                "height": 16.0,
                "class_id": 0
            }
        ],
        "car": [
            {
                "class_id": 2,
                "x_center": 0.4888474643230438,
                "y_center": 0.49036186933517456,
                "width": 0.8085819482803345,
                "height": 0.7422038912773132
            },
            {
                "class_id": 2,
                "x_center": 0.07064921408891678,
                "y_center": 0.5025203227996826,
                "width": 0.141014963388443,
                "height": 0.40329262614250183
            },
            {
                "class_id": 0,
                "x_center": 0.024741536006331444,
                "y_center": 0.25876203179359436,
                "width": 0.04948307201266289,
                "height": 0.14612218737602234
            }
        ]
    }
}