{
    "image": "58.png",
    "detections": {
        "matricule": [
            {
                "value": "238 9931",
                "x": 100.0,
                "y": 152.0,
                "width": 80.0,
                "height": 30.0,
                "class_id": 0
            }
        ],
        "car": [
            {
                "class_id": 2,
                "x_center": 0.49337804317474365,
                "y_center": 0.529058575630188,
                "width": 0.9815676808357239,
                "height": 0.8468544483184814
            },
            {
                "class_id": 7,
                "x_center": 0.4953252077102661,
                "y_center": 0.5298300385475159,
                "width": 0.9847989678382874,
                "height": 0.8479973077774048
            },
            {
                "class_id": 2,
                "x_center": 0.058652352541685104,
                "y_center": 0.29331329464912415,
                "width": 0.11656202375888824,
                "height": 0.1259181797504425
            }
        ]
    }
}