{
    "image": "59.png",
    "detections": {
        "matricule": [
            {
                "x": 79.0,
                "y": 201.5,
                "width": 50.0,
                "height": 33.0,
                "class_id": 0
            }
        ],
        "car": [
            {
                "class_id": 2,
                "x_center": 0.04686030372977257,
                "y_center": 0.5873950719833374,
                "width": 0.092861607670784,
                "height": 0.365432471036911
            },
            {
                "class_id": 2,
                "x_center": 0.45250019431114197,
                "y_center": 0.49765029549598694,
                "width": 0.7860739231109619,
                "height": 0.7876008749008179
            },
            {
                "class_id": 7,
                "x_center": 0.4655924439430237,
                "y_center": 0.4769136309623718,
                "width": 0.7855198979377747,
                "height": 0.7987701892852783
            }
        ]
    }
}