{
    "image": "6.png",
    "detections": {
        "matricule": [
            {
                "x": 247.0,
                "y": 198.0,
                "width": 86.0,
                "height": 18.0,
                "class_id": 0
            }
        ],
        "car": [
            {
                "class_id": 5,
                "x_center": 0.5204911231994629,
                "y_center": 0.4643039107322693,
                "width": 0.8822595477104187,
                "height": 0.8416352272033691
            }
        ]
    }
}