{
    "image": "60.png",
    "detections": {
        "matricule": [
            {
                "x": 111.5,
                "y": 197.5,
                "width": 81.0,
                "height": 25.0,
                "class_id": 0
            }
        ],
        "car": [
            {
                "class_id": 2,
                "x_center": 0.5074191689491272,
                "y_center": 0.5227895379066467,
                "width": 0.9408547878265381,
                "height": 0.6834676265716553
            },
            {
                "class_id": 7,
                "x_center": 0.4974448084831238,
                "y_center": 0.5270867943763733,
                "width": 0.9352785348892212,
                "height": 0.7037717700004578
            },
            {
                "class_id": 3,
                "x_center": 0.038657449185848236,
                "y_center": 0.5012855529785156,
                "width": 0.07731489837169647,
                "height": 0.23977616429328918
            },
            {
                "class_id": 5,
                "x_center": 0.5098116993904114,
                "y_center": 0.5268654823303223,
                "width": 0.9392995834350586,
                "height": 0.6810274124145508
            }
        ]
    }
}