{
    "image": "61.png",
    "detections": {
        "matricule": [
            {
                "value": "154 1952",
                "x": 190.5,
                "y": 170.0,
                "width": 91.0,
                "height": 32.0,
                "class_id": 0
            }
        ],
        "car": [
            {
                "class_id": 2,
                "x_center": 0.49215438961982727,
                "y_center": 0.5489819645881653,
                "width": 0.9704247713088989,
                "height": 0.711233377456665
            }
        ]
    }
}