{
    "image": "62.png",
    "detections": {
        "matricule": [
            {
                "x": 91.5,
                "y": 140.0,
                "width": 59.0,
                "height": 16.0,
                "class_id": 0
            }
        ],
        "car": [
            {
                "class_id": 2,
                "x_center": 0.5272505283355713,
                "y_center": 0.474556028842926,
                "width": 0.9129628539085388,
                "height": 0.6765236258506775
            }
        ]
    }
}