{
    "image": "63.png",
    "detections": {
        "matricule": [
            {
                "x": 234.0,
                "y": 438.5,
                "width": 70.0,
                "height": 19.0,
                "class_id": 0
            }
        ],
        "car": [
            {
                "class_id": 7,
                "x_center": 0.47483938932418823,
                "y_center": 0.4886011779308319,
                "width": 0.9496787786483765,
                "height": 0.9361766576766968
            }
        ]
    }
}