{
    "image": "64.png",
    "detections": {
        "matricule": [
            {
                "value":"81 7825",
                "x": 136.5,
                "y": 113.5,
                "width": 63.0,
                "height": 19.0,
                "class_id": 0
            }
        ],
        "car": [
            {
                "class_id": 0,
                "x_center": 0.9849082231521606,
                "y_center": 0.29772719740867615,
                "width": 0.029736679047346115,
                "height": 0.16367287933826447
            },
            {
                "class_id": 7,
                "x_center": 0.5428243279457092,
                "y_center": 0.46224266290664673,
                "width": 0.7574161291122437,
                "height": 0.6960268020629883
            }
        ]
    }
}