{
    "image": "65.png",
    "detections": {
        "matricule": [
            {
                "value": "132 1390",
                "x": 165.5,
                "y": 88.0,
                "width": 39.0,
                "height": 10.0,
                "class_id": 0
            }
        ],
        "car": [
            {
                "class_id": 2,
                "x_center": 0.49847790598869324,
                "y_center": 0.4869677424430847,
                "width": 0.7897781133651733,
                "height": 0.7494022846221924
            },
            {
                "class_id": 0,
                "x_center": 0.44693154096603394,
                "y_center": 0.06513041257858276,
                "width": 0.10407067835330963,
                "height": 0.12637388706207275
            },
            {
                "class_id": 0,
                "x_center": 0.20477165281772614,
                "y_center": 0.16102194786071777,
                "width": 0.15386107563972473,
                "height": 0.28697261214256287
            }
        ]
    }
}