{
    "image": "66.png",
    "detections": {
        "matricule": [
            {
                "x": 127.5,
                "y": 75.0,
                "width": 49.0,
                "height": 10.0,
                "class_id": 0
            }
        ],
        "car": [
            {
                "class_id": 2,
                "x_center": 0.5056633949279785,
                "y_center": 0.47578826546669006,
                "width": 0.753005862236023,
                "height": 0.7033100128173828
            }
        ]
    }
}