{
    "image": "67.png",
    "detections": {
        "matricule": [
            {
                "value": "222 5279",
                "x": 96.5,
                "y": 98.0,
                "width": 51.0,
                "height": 12.0,
                "class_id": 0
            }
        ],
        "car": [
            {
                "class_id": 2,
                "x_center": 0.4656659960746765,
                "y_center": 0.48436063528060913,
                "width": 0.7231912612915039,
                "height": 0.7075944542884827
            }
        ]
    }
}