{
    "image": "68.png",
    "detections": {
        "matricule": [
            {
                "x": 75.0,
                "y": 92.5,
                "width": 46.0,
                "height": 15.0,
                "class_id": 0
            }
        ],
        "car": [
            {
                "class_id": 2,
                "x_center": 0.5137516260147095,
                "y_center": 0.4712678790092468,
                "width": 0.9500396847724915,
                "height": 0.7152242064476013
            },
            {
                "class_id": 7,
                "x_center": 0.09621772915124893,
                "y_center": 0.3536069393157959,
                "width": 0.19201147556304932,
                "height": 0.3887511193752289
            },
            {
                "class_id": 2,
                "x_center": 0.3409665822982788,
                "y_center": 0.12533095479011536,
                "width": 0.1640036404132843,
                "height": 0.0716063529253006
            }
        ]
    }
}