{
    "image": "69.png",
    "detections": {
        "matricule": [
            {
                "value": "110 2585",
                "x": 71.5,
                "y": 102.0,
                "width": 43.0,
                "height": 14.0,
                "class_id": 0
            }
        ],
        "car": [
            {
                "class_id": 2,
                "x_center": 0.5193361639976501,
                "y_center": 0.5119057893753052,
                "width": 0.9485047459602356,
                "height": 0.7178075313568115
            },
            {
                "class_id": 0,
                "x_center": 0.9482506513595581,
                "y_center": 0.27804213762283325,
                "width": 0.10244791954755783,
                "height": 0.5381192564964294
            },
            {
                "class_id": 2,
                "x_center": 0.20278845727443695,
                "y_center": 0.3854731619358063,
                "width": 0.40404242277145386,
                "height": 0.60254967212677
            }
        ]
    }
}