{
    "image": "7.png",
    "detections": {
        "matricule": [
            {
                "x": 265.0,
                "y": 204.5,
                "width": 94.0,
                "height": 25.0,
                "class_id": 0
            }
        ],
        "car": [
            {
                "class_id": 2,
                "x_center": 0.026912769302725792,
                "y_center": 0.3396846652030945,
                "width": 0.05359576269984245,
                "height": 0.22822745144367218
            },
            {
                "class_id": 2,
                "x_center": 0.49561166763305664,
                "y_center": 0.47301483154296875,
                "width": 0.8823864459991455,
                "height": 0.8453582525253296
            },
            {
                "class_id": 7,
                "x_center": 0.4945608079433441,
                "y_center": 0.4737743139266968,
                "width": 0.8790597319602966,
                "height": 0.8493810892105103
            }
        ]
    }
}