{
    "image": "70.png",
    "detections": {
        "matricule": [
            {
                "x": 86.5,
                "y": 136.5,
                "width": 45.0,
                "height": 11.0,
                "class_id": 0
            }
        ],
        "car": [
            {
                "class_id": 2,
                "x_center": 0.07139024883508682,
                "y_center": 0.5203230977058411,
                "width": 0.14278049767017365,
                "height": 0.3449448347091675
            },
            {
                "class_id": 2,
                "x_center": 0.5468246936798096,
                "y_center": 0.49993979930877686,
                "width": 0.8744800686836243,
                "height": 0.8586887717247009
            },
            {
                "class_id": 2,
                "x_center": 0.9199038743972778,
                "y_center": 0.6191942095756531,
                "width": 0.15986213088035583,
                "height": 0.7493473887443542
            },
            {
                "class_id": 7,
                "x_center": 0.5465997457504272,
                "y_center": 0.4757101237773895,
                "width": 0.8709704875946045,
                "height": 0.8320469260215759
            }
        ]
    }
}