{
    "image": "71.png",
    "detections": {
        "matricule": [
            {
                "value": "168 4829",
                "x": 126.0,
                "y": 138.5,
                "width": 72.0,
                "height": 19.0,
                "class_id": 0
            }
        ],
        "car": [
            {
                "class_id": 2,
                "x_center": 0.5124306678771973,
                "y_center": 0.47517329454421997,
                "width": 0.8275701403617859,
                "height": 0.817771852016449
            }
        ]
    }
}