{
    "image": "72.png",
    "detections": {
        "matricule": [
            {
                "matricule": [
                    {
                        "value": "192 6423",
                        "x": 148.0,
                        "y": 340.0,
                        "width": 58.0,
                        "height": 12.0,
                        "class_id": 0
                    }
                ]
            }
            
        ],
        "car": [
            {
                "class_id": 7,
                "x_center": 0.4818822741508484,
                "y_center": 0.48551541566848755,
                "width": 0.8753058910369873,
                "height": 0.7974981665611267
            },
            {
                "class_id": 7,
                "x_center": 0.4976125657558441,
                "y_center": 0.7815026044845581,
                "width": 0.748275876045227,
                "height": 0.211887925863266
            }
        ]
    }
}