{
    "image": "73.png",
    "detections": {
        "matricule": [
            {
                "value": "190 8028",
                "x": 68.5,
                "y": 155.0,
                "width": 47.0,
                "height": 12.0,
                "class_id": 0
            }
        ],
        "car": [
            {
                "class_id": 2,
                "x_center": 0.5035680532455444,
                "y_center": 0.5115038156509399,
                "width": 0.9379766583442688,
                "height": 0.727225124835968
            },
            {
                "class_id": 2,
                "x_center": 0.12744459509849548,
                "y_center": 0.48546767234802246,
                "width": 0.25488919019699097,
                "height": 0.4948232173919678
            }
        ]
    }
}