{
    "image": "75.png",
    "detections": {
        "matricule": [
            {
                "value": "145 3983",
                "x": 68.0,
                "y": 107.5,
                "width": 48.0,
                "height": 11.0,
                "class_id": 0
            }
        ],
        "car": [
            {
                "class_id": 2,
                "x_center": 0.8745629787445068,
                "y_center": 0.6752628087997437,
                "width": 0.2482037991285324,
                "height": 0.6256058812141418
            },
            {
                "class_id": 2,
                "x_center": 0.532667338848114,
                "y_center": 0.4264126718044281,
                "width": 0.7984542846679688,
                "height": 0.717751145362854
            },
            {
                "class_id": 2,
                "x_center": 0.10307708382606506,
                "y_center": 0.45497164130210876,
                "width": 0.20528459548950195,
                "height": 0.9099432826042175
            },
            {
                "class_id": 2,
                "x_center": 0.4992266893386841,
                "y_center": 0.49827346205711365,
                "width": 0.9984533786773682,
                "height": 0.8673819303512573
            }
        ]
    }
}