{
    "image": "76.png",
    "detections": {
        "matricule": [
            {
                "x": 212.0,
                "y": 200.5,
                "width": 78.0,
                "height": 21.0,
                "class_id": 0
            }
        ],
        "car": [
            {
                "class_id": 2,
                "x_center": 0.9470340609550476,
                "y_center": 0.40802592039108276,
                "width": 0.1055075079202652,
                "height": 0.3421517014503479
            },
            {
                "class_id": 7,
                "x_center": 0.4775192439556122,
                "y_center": 0.5097589492797852,
                "width": 0.9495041966438293,
                "height": 0.8060426712036133
            }
        ]
    }
}