{
    "image": "77.png",
    "detections": {
        "matricule": [
            {
                "value": "110 8527",
                "x": 108.0,
                "y": 142.0,
                "width": 54.0,
                "height": 14.0,
                "class_id": 0
            }
        ],
        "car": [
            {
                "class_id": 0,
                "x_center": 0.05839100480079651,
                "y_center": 0.3735058009624481,
                "width": 0.05264047160744667,
                "height": 0.09182009845972061
            },
            {
                "class_id": 5,
                "x_center": 0.48674505949020386,
                "y_center": 0.4950055480003357,
                "width": 0.7889816164970398,
                "height": 0.7213899493217468
            },
            {
                "class_id": 74,
                "x_center": 0.04699348285794258,
                "y_center": 0.09218879044055939,
                "width": 0.07713259011507034,
                "height": 0.09937912225723267
            },
            {
                "class_id": 2,
                "x_center": 0.5043524503707886,
                "y_center": 0.49955418705940247,
                "width": 0.8158735036849976,
                "height": 0.7367291450500488
            }
        ]
    }
}