{
    "image": "78.png",
    "detections": {
        "matricule": [
            {
                "x": 106.0,
                "y": 174.5,
                "width": 62.0,
                "height": 19.0,
                "class_id": 0
            }
        ],
        "car": [
            {
                "class_id": 7,
                "x_center": 0.4949997067451477,
                "y_center": 0.4531533718109131,
                "width": 0.9730499386787415,
                "height": 0.7452811598777771
            },
            {
                "class_id": 0,
                "x_center": 0.10754973441362381,
                "y_center": 0.24495865404605865,
                "width": 0.03789066523313522,
                "height": 0.050811972469091415
            },
            {
                "class_id": 2,
                "x_center": 0.4914814233779907,
                "y_center": 0.453730970621109,
                "width": 0.9757699370384216,
                "height": 0.7447923421859741
            }
        ]
    }
}