{
    "image": "8.png",
    "detections": {
        "matricule": [
            {
                "x": 319.0,
                "y": 196.0,
                "width": 104.0,
                "height": 32.0,
                "class_id": 0
            }
        ],
        "car": [
            {
                "class_id": 2,
                "x_center": 0.4707413613796234,
                "y_center": 0.4693657159805298,
                "width": 0.9374976754188538,
                "height": 0.7916579842567444
            },
            {
                "class_id": 2,
                "x_center": 0.05098250135779381,
                "y_center": 0.34156495332717896,
                "width": 0.10145901888608932,
                "height": 0.3675072491168976
            }
        ]
    }
}