{
    "image": "80.png",
    "detections": {
        "matricule": [
            {
                "value": "161 1768",
                "x": 74.5,
                "y": 229.0,
                "width": 57.0,
                "height": 12.0,
                "class_id": 0
            }
        ],
        "car": [
            {
                "class_id": 5,
                "x_center": 0.490764319896698,
                "y_center": 0.46888116002082825,
                "width": 0.9331796765327454,
                "height": 0.8720689415931702
            }
        ]
    }
}