{
    "image": "81.png",
    "detections": {
        "matricule": [
            {
                "value": "89 5993",
                "x": 267.0,
                "y": 124.0,
                "width": 62.0,
                "height": 16.0,
                "class_id": 0
            }
        ],
        "car": [
            {
                "class_id": 2,
                "x_center": 0.4817063808441162,
                "y_center": 0.5381645560264587,
                "width": 0.8367958664894104,
                "height": 0.7493682503700256
            },
            {
                "class_id": 2,
                "x_center": 0.054292742162942886,
                "y_center": 0.4054655134677887,
                "width": 0.10843712836503983,
                "height": 0.30491966009140015
            },
            {
                "class_id": 2,
                "x_center": 0.16512452065944672,
                "y_center": 0.36472636461257935,
                "width": 0.18328090012073517,
                "height": 0.3088548183441162
            }
        ]
    }
}