{
    "image": "82.png",
    "detections": {
        "matricule": [
            {
                "value": "DE 935LN",
                "x": 91.5,
                "y": 113.5,
                "width": 59.0,
                "height": 19.0,
                "class_id": 2
            }
        ],
        "car": [
            {
                "class_id": 5,
                "x_center": 0.4887085258960724,
                "y_center": 0.5192821621894836,
                "width": 0.8697924613952637,
                "height": 0.6753696203231812
            },
            {
                "class_id": 0,
                "x_center": 0.7857818007469177,
                "y_center": 0.2185250222682953,
                "width": 0.09673121571540833,
                "height": 0.16948162019252777
            }
        ]
    }
}