{
    "image": "83.png",
    "detections": {
        "matricule": [
            {
                "x": 94.0,
                "y": 141.0,
                "width": 56.0,
                "height": 18.0,
                "class_id": 0
            }
        ],
        "car": [
            {
                "class_id": 2,
                "x_center": 0.0854276493191719,
                "y_center": 0.43134868144989014,
                "width": 0.1705593764781952,
                "height": 0.32952880859375
            },
            {
                "class_id": 2,
                "x_center": 0.5049224495887756,
                "y_center": 0.49691104888916016,
                "width": 0.8420480489730835,
                "height": 0.6466788053512573
            }
        ]
    }
}