{
    "image": "84.png",
    "detections": {
        "matricule": [
            {
                "x": 85.5,
                "y": 138.0,
                "width": 61.0,
                "height": 18.0,
                "class_id": 0
            }
        ],
        "car": [
            {
                "class_id": 2,
                "x_center": 0.480477511882782,
                "y_center": 0.48862630128860474,
                "width": 0.8995694518089294,
                "height": 0.6595248579978943
            },
            {
                "class_id": 2,
                "x_center": 0.1098831370472908,
                "y_center": 0.4047528803348541,
                "width": 0.2194640040397644,
                "height": 0.4146210849285126
            }
        ]
    }
}