{
    "image": "85.png",
    "detections": {
        "matricule": [
            {
                "value": "223 8498",
                "x": 89.0,
                "y": 130.5,
                "width": 56.0,
                "height": 19.0,
                "class_id": 0
            }
        ],
        "car": [
            {
                "class_id": 2,
                "x_center": 0.47427889704704285,
                "y_center": 0.5124213099479675,
                "width": 0.8390868902206421,
                "height": 0.7126383781433105
            },
            {
                "class_id": 7,
                "x_center": 0.14440655708312988,
                "y_center": 0.3625546395778656,
                "width": 0.2884797751903534,
                "height": 0.4765031337738037
            },
            {
                "class_id": 2,
                "x_center": 0.14547893404960632,
                "y_center": 0.39150312542915344,
                "width": 0.2899102568626404,
                "height": 0.5341798663139343
            },
            {
                "class_id": 2,
                "x_center": 0.03482421487569809,
                "y_center": 0.5826875567436218,
                "width": 0.06932904571294785,
                "height": 0.17258748412132263
            }
        ]
    }
}