{
    "image": "86.png",
    "detections": {
        "matricule": [],
        "car": [
            {
                "class_id": 2,
                "x_center": 0.12233272939920425,
                "y_center": 0.5568863749504089,
                "width": 0.2445802241563797,
                "height": 0.39371535181999207
            },
            {
                "class_id": 7,
                "x_center": 0.4821510314941406,
                "y_center": 0.5109269022941589,
                "width": 0.9574862718582153,
                "height": 0.6842803359031677
            },
            {
                "class_id": 2,
                "x_center": 0.48180997371673584,
                "y_center": 0.506754994392395,
                "width": 0.9459514021873474,
                "height": 0.6881098747253418
            }
        ]
    }
}