{
    "image": "87.png",
    "detections": {
        "matricule": [
            {
                "x": 74.0,
                "y": 148.5,
                "width": 54.0,
                "height": 19.0,
                "class_id": 0
            }
        ],
        "car": [
            {
                "class_id": 2,
                "x_center": 0.11647122353315353,
                "y_center": 0.5052112340927124,
                "width": 0.23213745653629303,
                "height": 0.6185203790664673
            },
            {
                "class_id": 2,
                "x_center": 0.5056607127189636,
                "y_center": 0.47421297430992126,
                "width": 0.983771026134491,
                "height": 0.7433001399040222
            }
        ]
    }
}