{
    "image": "88.png",
    "detections": {
        "matricule": [
            {
                "x": 96.5,
                "y": 192.5,
                "width": 67.0,
                "height": 23.0,
                "class_id": 0
            }
        ],
        "car": [
            {
                "class_id": 2,
                "x_center": 0.5450061559677124,
                "y_center": 0.5499494075775146,
                "width": 0.9073293805122375,
                "height": 0.7745860815048218
            },
            {
                "class_id": 2,
                "x_center": 0.9639690518379211,
                "y_center": 0.5639423727989197,
                "width": 0.07153396308422089,
                "height": 0.7790130972862244
            }
        ]
    }
}