{
    "image": "89.png",
    "detections": {
        "matricule": [
            {
                "x": 260.0,
                "y": 142.5,
                "width": 46.0,
                "height": 19.0,
                "class_id": 0
            }
        ],
        "car": [
            {
                "class_id": 2,
                "x_center": 0.4783895015716553,
                "y_center": 0.4960654675960541,
                "width": 0.8551660776138306,
                "height": 0.7184426784515381
            }
        ]
    }
}