{
    "image": "9.png",
    "detections": {
        "matricule": [
            {
                "x": 343.5,
                "y": 124.5,
                "width": 99.0,
                "height": 33.0,
                "class_id": 0
            }
        ],
        "car": [
            {
                "class_id": 2,
                "x_center": 0.4712073504924774,
                "y_center": 0.47569897770881653,
                "width": 0.9101351499557495,
                "height": 0.8386531472206116
            },
            {
                "class_id": 2,
                "x_center": 0.0959535464644432,
                "y_center": 0.35593152046203613,
                "width": 0.19169151782989502,
                "height": 0.47193366289138794
            }
        ]
    }
}