{
    "image": "90.png",
    "detections": {
        "matricule": [
            {
                "value": "146 5824",
                "x": 361.5,
                "y": 117.0,
                "width": 43.0,
                "height": 22.0,
                "class_id": 0
            }
        ],
        "car": [
            {
                "class_id": 2,
                "x_center": 0.4802645444869995,
                "y_center": 0.49356359243392944,
                "width": 0.8551668524742126,
                "height": 0.743634045124054
            }
        ]
    }
}