{
    "image": "91.png",
    "detections": {
        "matricule": [
            {
                "x": 284.0,
                "y": 103.0,
                "width": 74.0,
                "height": 30.0,
                "class_id": 0
            }
        ],
        "car": [
            {
                "class_id": 2,
                "x_center": 0.48365384340286255,
                "y_center": 0.5101504325866699,
                "width": 0.9020416140556335,
                "height": 0.817344069480896
            }
        ]
    }
}