{
    "image": "92.png",
    "detections": {
        "matricule": [
            {
                "value": "169 2243",
                "x": 250.5,
                "y": 168.0,
                "width": 59.0,
                "height": 16.0,
                "class_id": 0
            }
        ],
        "car": [
            {
                "class_id": 7,
                "x_center": 0.48959434032440186,
                "y_center": 0.48511049151420593,
                "width": 0.8838076591491699,
                "height": 0.8824335932731628
            }
        ]
    }
}