{
    "image": "93.png",
    "detections": {
        "matricule": [],
        "car": [
            {
                "class_id": 0,
                "x_center": 0.9057750105857849,
                "y_center": 0.3018442988395691,
                "width": 0.18683600425720215,
                "height": 0.6030024290084839
            },
            {
                "class_id": 2,
                "x_center": 0.49600669741630554,
                "y_center": 0.5024359226226807,
                "width": 0.9399522542953491,
                "height": 0.8068650364875793
            }
        ]
    }
}