{
    "image": "94.png",
    "detections": {
        "matricule": [
            {
                "value": "190 6172",
                "x": 301.0,
                "y": 201.0,
                "width": 80.0,
                "height": 28.0,
                "class_id": 0
            }
        ],
        "car": [
            {
                "class_id": 7,
                "x_center": 0.4811747670173645,
                "y_center": 0.5435805320739746,
                "width": 0.9236699342727661,
                "height": 0.8266313076019287
            },
            {
                "class_id": 2,
                "x_center": 0.07267721742391586,
                "y_center": 0.33401572704315186,
                "width": 0.14522992074489594,
                "height": 0.30759280920028687
            }
        ]
    }
}