{
    "image": "95.png",
    "detections": {
        "matricule": [
            {
                "x": 338.0,
                "y": 129.0,
                "width": 84.0,
                "height": 30.0,
                "class_id": 0
            }
        ],
        "car": [
            {
                "class_id": 2,
                "x_center": 0.4782267212867737,
                "y_center": 0.49498727917671204,
                "width": 0.9455493092536926,
                "height": 0.9097874760627747
            },
            {
                "class_id": 2,
                "x_center": 0.8564548492431641,
                "y_center": 0.2642239034175873,
                "width": 0.2858841121196747,
                "height": 0.5180199146270752
            }
        ]
    }
}