{
    "image": "96.png",
    "detections": {
        "matricule": [        
            {
            "value": "106 2283",
            "x": 68.5,
            "y": 102.5,
            "width": 39.0,
            "height": 11.0,
            "class_id": 0
        }],
        "car": [
            {
                "class_id": 5,
                "x_center": 0.47334304451942444,
                "y_center": 0.5026342272758484,
                "width": 0.8920132517814636,
                "height": 0.9452874064445496
            }
        ]
    }
}