{
    "image": "97.png",
    "detections": {
        "matricule": [
            {
                "x": 324.5,
                "y": 139.5,
                "width": 83.0,
                "height": 21.0,
                "class_id": 0
            }
        ],
        "car": [
            {
                "class_id": 2,
                "x_center": 0.4930051267147064,
                "y_center": 0.5579042434692383,
                "width": 0.9259216785430908,
                "height": 0.7851574420928955
            }
        ]
    }
}