{
    "image": "98.png",
    "detections": {
        "matricule": [
            {
                "x": 264.5,
                "y": 167.0,
                "width": 55.0,
                "height": 16.0,
                "class_id": 0
            }
        ],
        "car": [
            {
                "class_id": 2,
                "x_center": 0.49592599272727966,
                "y_center": 0.5274310111999512,
                "width": 0.9132730960845947,
                "height": 0.6867753863334656
            },
            {
                "class_id": 7,
                "x_center": 0.4937146008014679,
                "y_center": 0.5308430790901184,
                "width": 0.9107801914215088,
                "height": 0.6850654482841492
            }
        ]
    }
}