{
    "image": "99.png",
    "detections": {
        "matricule": [],
        "car": [
            {
                "class_id": 7,
                "x_center": 0.5519853234291077,
                "y_center": 0.45162275433540344,
                "width": 0.8638736605644226,
                "height": 0.696738600730896
            }
        ]
    }
}