{
    "image": "99.png",
    "detections": {
        "matricule": [        
            {
            "value": "171 305",
            "x": 48.0,
            "y": 129.5,
            "width": 32.0,
            "height": 11.0,
            "class_id": 0
        }],
        "car": [
            {
                "class_id": 7,
                "x_center": 0.5519853234291077,
                "y_center": 0.45162275433540344,
                "width": 0.8638736605644226,
                "height": 0.696738600730896
            }
        ]
    }
}